ID,Decision,Line,Event,Visible cue,Exact condition,Must not trigger,Emotion,Flavour,Extra requirement
L001,,Down we go. Rent won't pay itself.,First descent,First underground view below 20 metres.,A live first expedition crosses 20 metres below Town; the underground view is visible and the player is safe.,"No save-load, surface walk, menu or teleport.",wry,work,
L002,,Underground again. Lovely career choice.,First descent,First underground view below 20 metres.,A live first expedition crosses 20 metres below Town; the underground view is visible and the player is safe.,"No save-load, surface walk, menu or teleport.",dry,bad-joke,
L003,,Right. One tunnel at a time.,First descent,First underground view below 20 metres.,A live first expedition crosses 20 metres below Town; the underground view is visible and the player is safe.,"No save-load, surface walk, menu or teleport.",steady,practical,
L004,,Easy now. The dark can wait.,First descent,First underground view below 20 metres.,A live first expedition crosses 20 metres below Town; the underground view is visible and the player is safe.,"No save-load, surface walk, menu or teleport.",self-reassuring,vulnerable,
L005,,First dirt in the boots. Lovely.,First descent,First underground view below 20 metres.,A live first expedition crosses 20 metres below Town; the underground view is visible and the player is safe.,"No save-load, surface walk, menu or teleport.",resigned,relatable,
L006,,Leaving daylight. Still feels too easy.,First descent,First underground view below 20 metres.,A live first expedition crosses 20 metres below Town; the underground view is visible and the player is safe.,"No save-load, surface walk, menu or teleport.",uneasy,mystery,
L007,,"Well, this beats another interview.",First descent,First underground view below 20 metres.,A live first expedition crosses 20 metres below Town; the underground view is visible and the player is safe.,"No save-load, surface walk, menu or teleport.",amused,bad-joke,
L008,,"Down here, nobody asks for references.",First descent,First underground view below 20 metres.,A live first expedition crosses 20 metres below Town; the underground view is visible and the player is safe.,"No save-load, surface walk, menu or teleport.",crooked,mystery,
L009,,"All right, mine. Be gentle.",First descent,First underground view below 20 metres.,A live first expedition crosses 20 metres below Town; the underground view is visible and the player is safe.,"No save-load, surface walk, menu or teleport.",wary,practical,
L010,,A little deeper. Then I'll complain.,First descent,First underground view below 20 metres.,A live first expedition crosses 20 metres below Town; the underground view is visible and the player is safe.,"No save-load, surface walk, menu or teleport.",playful,relatable,
L011,,Smells like work. Unfortunate.,First descent,First underground view below 20 metres.,A live first expedition crosses 20 metres below Town; the underground view is visible and the player is safe.,"No save-load, surface walk, menu or teleport.",dry,work,
L012,,Don't suppose there's a lift.,First descent,First underground view below 20 metres.,A live first expedition crosses 20 metres below Town; the underground view is visible and the player is safe.,"No save-load, surface walk, menu or teleport.",muttering,bad-joke,
L013,,Bronze. An honest start.,First bronze collected,The bronze pickup lands and its label is visible.,A positive bronze material award completes this save's first collection; its pickup or award label remains visible.,"No other material, currency, purchase, hovered rock or restored inventory.",pleased,practical,
L014,,"Hello, bronze. You'll do nicely.",First bronze collected,The bronze pickup lands and its label is visible.,A positive bronze material award completes this save's first collection; its pickup or award label remains visible.,"No other material, currency, purchase, hovered rock or restored inventory.",warm,practical,
L015,,"Bronze. Third place, first payday.",First bronze collected,The bronze pickup lands and its label is visible.,A positive bronze material award completes this save's first collection; its pickup or award label remains visible.,"No other material, currency, purchase, hovered rock or restored inventory.",amused,bad-joke,
L016,,Good bronze. No need to show off.,First bronze collected,The bronze pickup lands and its label is visible.,A positive bronze material award completes this save's first collection; its pickup or award label remains visible.,"No other material, currency, purchase, hovered rock or restored inventory.",approving,practical,
L017,,Bronze. My supper starts here.,First bronze collected,The bronze pickup lands and its label is visible.,A positive bronze material award completes this save's first collection; its pickup or award label remains visible.,"No other material, currency, purchase, hovered rock or restored inventory.",hopeful,relatable,
L018,,Found bronze. That's worth dirty hands.,First bronze collected,The bronze pickup lands and its label is visible.,A positive bronze material award completes this save's first collection; its pickup or award label remains visible.,"No other material, currency, purchase, hovered rock or restored inventory.",satisfied,work,
L019,,Bronze. I can work with that.,First bronze collected,The bronze pickup lands and its label is visible.,A positive bronze material award completes this save's first collection; its pickup or award label remains visible.,"No other material, currency, purchase, hovered rock or restored inventory.",steady,practical,
L020,,"Ah, bronze. Modest, like my wages.",First bronze collected,The bronze pickup lands and its label is visible.,A positive bronze material award completes this save's first collection; its pickup or award label remains visible.,"No other material, currency, purchase, hovered rock or restored inventory.",dry,work,
L021,,Bronze. Better than another handful of dirt.,First bronze collected,The bronze pickup lands and its label is visible.,A positive bronze material award completes this save's first collection; its pickup or award label remains visible.,"No other material, currency, purchase, hovered rock or restored inventory.",wry,work,
L022,,That's bronze. Keep the good bits.,First bronze collected,The bronze pickup lands and its label is visible.,A positive bronze material award completes this save's first collection; its pickup or award label remains visible.,"No other material, currency, purchase, hovered rock or restored inventory.",focused,practical,
L023,,Bronze used to make decent promises.,First bronze collected,The bronze pickup lands and its label is visible.,A positive bronze material award completes this save's first collection; its pickup or award label remains visible.,"No other material, currency, purchase, hovered rock or restored inventory.",wistful,mystery,
L024,,A bit of bronze. We're getting somewhere.,First bronze collected,The bronze pickup lands and its label is visible.,A positive bronze material award completes this save's first collection; its pickup or award label remains visible.,"No other material, currency, purchase, hovered rock or restored inventory.",pleased,practical,
L025,,Iron. Something with a backbone.,First iron collected,The iron pickup lands and its label is visible.,A positive iron material award completes this save's first collection; its pickup or award label remains visible.,"No steel, bronze, currency, tile reveal alone or restored inventory.",approving,practical,
L026,,Good iron. I respect that.,First iron collected,The iron pickup lands and its label is visible.,A positive iron material award completes this save's first collection; its pickup or award label remains visible.,"No steel, bronze, currency, tile reveal alone or restored inventory.",warm,practical,
L027,,Iron. My shoulders knew before I did.,First iron collected,The iron pickup lands and its label is visible.,A positive iron material award completes this save's first collection; its pickup or award label remains visible.,"No steel, bronze, currency, tile reveal alone or restored inventory.",weary,relatable,
L028,,Found iron. The day improves.,First iron collected,The iron pickup lands and its label is visible.,A positive iron material award completes this save's first collection; its pickup or award label remains visible.,"No steel, bronze, currency, tile reveal alone or restored inventory.",pleased,practical,
L029,,Iron. Useful. Unlike my last employer.,First iron collected,The iron pickup lands and its label is visible.,A positive iron material award completes this save's first collection; its pickup or award label remains visible.,"No steel, bronze, currency, tile reveal alone or restored inventory.",dry,bad-joke,
L030,,"Hello, iron. You're coming with me.",First iron collected,The iron pickup lands and its label is visible.,A positive iron material award completes this save's first collection; its pickup or award label remains visible.,"No steel, bronze, currency, tile reveal alone or restored inventory.",friendly,practical,
L031,,"Iron. Less pretty, more dependable.",First iron collected,The iron pickup lands and its label is visible.,A positive iron material award completes this save's first collection; its pickup or award label remains visible.,"No steel, bronze, currency, tile reveal alone or restored inventory.",assured,practical,
L032,,"That's iron. Finally, something solid.",First iron collected,The iron pickup lands and its label is visible.,A positive iron material award completes this save's first collection; its pickup or award label remains visible.,"No steel, bronze, currency, tile reveal alone or restored inventory.",relieved,practical,
L033,,Iron. I remember the taste.,First iron collected,The iron pickup lands and its label is visible.,A positive iron material award completes this save's first collection; its pickup or award label remains visible.,"No steel, bronze, currency, tile reveal alone or restored inventory.",quiet,mystery,
L034,,A little iron. A proper day's work.,First iron collected,The iron pickup lands and its label is visible.,A positive iron material award completes this save's first collection; its pickup or award label remains visible.,"No steel, bronze, currency, tile reveal alone or restored inventory.",satisfied,work,
L035,,Iron. Let's call that progress.,First iron collected,The iron pickup lands and its label is visible.,A positive iron material award completes this save's first collection; its pickup or award label remains visible.,"No steel, bronze, currency, tile reveal alone or restored inventory.",steady,practical,
L036,,"Iron. No, I'm not licking it.",First iron collected,The iron pickup lands and its label is visible.,A positive iron material award completes this save's first collection; its pickup or award label remains visible.,"No steel, bronze, currency, tile reveal alone or restored inventory.",amused,bad-joke,
L037,,Silver. Now we're talking.,First silver collected,The silver pickup lands and its label is visible.,A positive silver material award completes this save's first collection; its pickup or award label remains visible.,"No money counter, silver scenery, failed pickup or restored inventory.",pleased,practical,
L038,,"Hello, silver. I've missed good company.",First silver collected,The silver pickup lands and its label is visible.,A positive silver material award completes this save's first collection; its pickup or award label remains visible.,"No money counter, silver scenery, failed pickup or restored inventory.",warm,relatable,
L039,,Silver. That's supper with a chair.,First silver collected,The silver pickup lands and its label is visible.,A positive silver material award completes this save's first collection; its pickup or award label remains visible.,"No money counter, silver scenery, failed pickup or restored inventory.",amused,relatable,
L040,,Found silver. Try looking surprised.,First silver collected,The silver pickup lands and its label is visible.,A positive silver material award completes this save's first collection; its pickup or award label remains visible.,"No money counter, silver scenery, failed pickup or restored inventory.",dry,bad-joke,
L041,,"Silver. Clean shine, dirty hands.",First silver collected,The silver pickup lands and its label is visible.,A positive silver material award completes this save's first collection; its pickup or award label remains visible.,"No money counter, silver scenery, failed pickup or restored inventory.",reflective,work,
L042,,"Ah, silver. My debts look smaller.",First silver collected,The silver pickup lands and its label is visible.,A positive silver material award completes this save's first collection; its pickup or award label remains visible.,"No money counter, silver scenery, failed pickup or restored inventory.",relieved,relatable,
L043,,Silver. Keep your bloody promises.,First silver collected,The silver pickup lands and its label is visible.,A positive silver material award completes this save's first collection; its pickup or award label remains visible.,"No money counter, silver scenery, failed pickup or restored inventory.",wary,mystery,
L044,,That's silver. I'll take the compliment.,First silver collected,The silver pickup lands and its label is visible.,A positive silver material award completes this save's first collection; its pickup or award label remains visible.,"No money counter, silver scenery, failed pickup or restored inventory.",playful,bad-joke,
L045,,Silver used to keep certain doors shut.,First silver collected,The silver pickup lands and its label is visible.,A positive silver material award completes this save's first collection; its pickup or award label remains visible.,"No money counter, silver scenery, failed pickup or restored inventory.",quiet,mystery,
L046,,Silver. Worth the aching back.,First silver collected,The silver pickup lands and its label is visible.,A positive silver material award completes this save's first collection; its pickup or award label remains visible.,"No money counter, silver scenery, failed pickup or restored inventory.",satisfied,work,
L047,,A bit of silver. Keep it safe.,First silver collected,The silver pickup lands and its label is visible.,A positive silver material award completes this save's first collection; its pickup or award label remains visible.,"No money counter, silver scenery, failed pickup or restored inventory.",gentle,practical,
L048,,Silver. Almost respectable money.,First silver collected,The silver pickup lands and its label is visible.,A positive silver material award completes this save's first collection; its pickup or award label remains visible.,"No money counter, silver scenery, failed pickup or restored inventory.",crooked,work,
L049,,Gold. Someone died for less.,First gold ore collected,The gold ore pickup lands and its label is visible.,A positive gold material award completes this save's first collection; its pickup or award label remains visible.,"Gold ore only. No gold currency, selling, buying or rock discovery without collection.",restrained,mystery,
L050,,Gold. That used to buy silence.,First gold ore collected,The gold ore pickup lands and its label is visible.,A positive gold material award completes this save's first collection; its pickup or award label remains visible.,"Gold ore only. No gold currency, selling, buying or rock discovery without collection.",quiet,mystery,
L051,,Gold. There goes my conscience.,First gold ore collected,The gold ore pickup lands and its label is visible.,A positive gold material award completes this save's first collection; its pickup or award label remains visible.,"Gold ore only. No gold currency, selling, buying or rock discovery without collection.",crooked,dark-humour,
L052,,Gold. I've killed for less.,First gold ore collected,The gold ore pickup lands and its label is visible.,A positive gold material award completes this save's first collection; its pickup or award label remains visible.,"Gold ore only. No gold currency, selling, buying or rock discovery without collection.",confiding,mystery,
L053,,"Hello, gold. Goodbye, sensible decisions.",First gold ore collected,The gold ore pickup lands and its label is visible.,A positive gold material award completes this save's first collection; its pickup or award label remains visible.,"Gold ore only. No gold currency, selling, buying or rock discovery without collection.",amused,bad-joke,
L054,,Gold. That's supper and clean socks.,First gold ore collected,The gold ore pickup lands and its label is visible.,A positive gold material award completes this save's first collection; its pickup or award label remains visible.,"Gold ore only. No gold currency, selling, buying or rock discovery without collection.",delighted,relatable,
L055,,Found gold. Don't grin like that.,First gold ore collected,The gold ore pickup lands and its label is visible.,A positive gold material award completes this save's first collection; its pickup or award label remains visible.,"Gold ore only. No gold currency, selling, buying or rock discovery without collection.",self-conscious,relatable,
L056,,Gold. My favourite bad influence.,First gold ore collected,The gold ore pickup lands and its label is visible.,A positive gold material award completes this save's first collection; its pickup or award label remains visible.,"Gold ore only. No gold currency, selling, buying or rock discovery without collection.",warm,dark-humour,
L057,,"Actual gold. All right, worth the dirt.",First gold ore collected,The gold ore pickup lands and its label is visible.,A positive gold material award completes this save's first collection; its pickup or award label remains visible.,"Gold ore only. No gold currency, selling, buying or rock discovery without collection.",pleased,work,
L058,,Gold. Even my back stopped complaining.,First gold ore collected,The gold ore pickup lands and its label is visible.,A positive gold material award completes this save's first collection; its pickup or award label remains visible.,"Gold ore only. No gold currency, selling, buying or rock discovery without collection.",amused,bad-joke,
L059,,That's gold. I'll thank myself later.,First gold ore collected,The gold ore pickup lands and its label is visible.,A positive gold material award completes this save's first collection; its pickup or award label remains visible.,"Gold ore only. No gold currency, selling, buying or rock discovery without collection.",satisfied,practical,
L060,,Gold. Try not to fall in love.,First gold ore collected,The gold ore pickup lands and its label is visible.,A positive gold material award completes this save's first collection; its pickup or award label remains visible.,"Gold ore only. No gold currency, selling, buying or rock discovery without collection.",playful,relatable,
L061,,An Ember. Still warm. Come here.,Ember found,An Ember reveal finishes in front of you.,A genuine new Ember find grants a charge and its reveal finishes. The Ember or reward confirmation is still visible.,"No ordinary glowing ore, automatic refill, loaded charges or passing the fire.",tender,warmth,
L062,,"Hello, little Ember. Let's get you home.",Ember found,An Ember reveal finishes in front of you.,A genuine new Ember find grants a charge and its reveal finishes. The Ember or reward confirmation is still visible.,"No ordinary glowing ore, automatic refill, loaded charges or passing the fire.",warm,warmth,
L063,,Found an Ember. The fire gets supper.,Ember found,An Ember reveal finishes in front of you.,A genuine new Ember find grants a charge and its reveal finishes. The Ember or reward confirmation is still visible.,"No ordinary glowing ore, automatic refill, loaded charges or passing the fire.",pleased,bad-joke,
L064,,An Ember. Good things still survive.,Ember found,An Ember reveal finishes in front of you.,A genuine new Ember find grants a charge and its reveal finishes. The Ember or reward confirmation is still visible.,"No ordinary glowing ore, automatic refill, loaded charges or passing the fire.",relieved,warmth,
L065,,Ember's safe. Hands can complain later.,Ember found,An Ember reveal finishes in front of you.,A genuine new Ember find grants a charge and its reveal finishes. The Ember or reward confirmation is still visible.,"No ordinary glowing ore, automatic refill, loaded charges or passing the fire.",protective,relatable,
L066,,"Oh, an Ember. You stubborn little thing.",Ember found,An Ember reveal finishes in front of you.,A genuine new Ember find grants a charge and its reveal finishes. The Ember or reward confirmation is still visible.,"No ordinary glowing ore, automatic refill, loaded charges or passing the fire.",fond,warmth,
L067,,An Ember. I know that warmth.,Ember found,An Ember reveal finishes in front of you.,A genuine new Ember find grants a charge and its reveal finishes. The Ember or reward confirmation is still visible.,"No ordinary glowing ore, automatic refill, loaded charges or passing the fire.",soft,mystery,
L068,,This Ember's older than it looks.,Ember found,An Ember reveal finishes in front of you.,A genuine new Ember find grants a charge and its reveal finishes. The Ember or reward confirmation is still visible.,"No ordinary glowing ore, automatic refill, loaded charges or passing the fire.",uneasy,mystery,
L069,,Ember found. Keep that glow.,Ember found,An Ember reveal finishes in front of you.,A genuine new Ember find grants a charge and its reveal finishes. The Ember or reward confirmation is still visible.,"No ordinary glowing ore, automatic refill, loaded charges or passing the fire.",gentle,practical,
L070,,An Ember. Beats a cold welcome.,Ember found,An Ember reveal finishes in front of you.,A genuine new Ember find grants a charge and its reveal finishes. The Ember or reward confirmation is still visible.,"No ordinary glowing ore, automatic refill, loaded charges or passing the fire.",wry,bad-joke,
L071,,Warm little Ember. Not leaving you here.,Ember found,An Ember reveal finishes in front of you.,A genuine new Ember find grants a charge and its reveal finishes. The Ember or reward confirmation is still visible.,"No ordinary glowing ore, automatic refill, loaded charges or passing the fire.",resolute,warmth,
L072,,An Ember. One more reason to return.,Ember found,An Ember reveal finishes in front of you.,A genuine new Ember find grants a charge and its reveal finishes. The Ember or reward confirmation is still visible.,"No ordinary glowing ore, automatic refill, loaded charges or passing the fire.",reflective,warmth,
L073,,I remember that light.,Star collected,"A collected Star's reveal finishes, its light still visible.",A positive Star reward is committed for a new identity. Its reveal and any narration finish; its light or award remains visible.,"No ordinary blocks, zero awards, Star menus or old Stars returning to view.",tender,mystery,
L074,,The Stars used to know me.,Star collected,"A collected Star's reveal finishes, its light still visible.",A positive Star reward is committed for a new identity. Its reveal and any narration finish; its light or award remains visible.,"No ordinary blocks, zero awards, Star menus or old Stars returning to view.",wistful,mystery,
L075,,"Miss me, you little bastard?",Star collected,"A collected Star's reveal finishes, its light still visible.",A positive Star reward is committed for a new identity. Its reveal and any narration finish; its light or award remains visible.,"No ordinary blocks, zero awards, Star menus or old Stars returning to view.",affectionate,mystery,
L076,,"There you are, little Star.",Star collected,"A collected Star's reveal finishes, its light still visible.",A positive Star reward is committed for a new identity. Its reveal and any narration finish; its light or award remains visible.,"No ordinary blocks, zero awards, Star menus or old Stars returning to view.",warm,warmth,
L077,,A Star. That's worth staying for.,Star collected,"A collected Star's reveal finishes, its light still visible.",A positive Star reward is committed for a new identity. Its reveal and any narration finish; its light or award remains visible.,"No ordinary blocks, zero awards, Star menus or old Stars returning to view.",soft,warmth,
L078,,"Hello, Star. The dark didn't suit you.",Star collected,"A collected Star's reveal finishes, its light still visible.",A positive Star reward is committed for a new identity. Its reveal and any narration finish; its light or award remains visible.,"No ordinary blocks, zero awards, Star menus or old Stars returning to view.",gentle,warmth,
L079,,One less Star buried. Good.,Star collected,"A collected Star's reveal finishes, its light still visible.",A positive Star reward is committed for a new identity. Its reveal and any narration finish; its light or award remains visible.,"No ordinary blocks, zero awards, Star menus or old Stars returning to view.",satisfied,warmth,
L080,,Another Star. I'm collecting bad company.,Star collected,"A collected Star's reveal finishes, its light still visible.",A positive Star reward is committed for a new identity. Its reveal and any narration finish; its light or award remains visible.,"No ordinary blocks, zero awards, Star menus or old Stars returning to view.",playful,bad-joke,
L081,,A Star. Try not to get attached.,Star collected,"A collected Star's reveal finishes, its light still visible.",A positive Star reward is committed for a new identity. Its reveal and any narration finish; its light or award remains visible.,"No ordinary blocks, zero awards, Star menus or old Stars returning to view.",self-conscious,relatable,
L082,,Star's safe. We can breathe.,Star collected,"A collected Star's reveal finishes, its light still visible.",A positive Star reward is committed for a new identity. Its reveal and any narration finish; its light or award remains visible.,"No ordinary blocks, zero awards, Star menus or old Stars returning to view.",relieved,warmth,
L083,,A Star. Brighter than my prospects.,Star collected,"A collected Star's reveal finishes, its light still visible.",A positive Star reward is committed for a new identity. Its reveal and any narration finish; its light or award remains visible.,"No ordinary blocks, zero awards, Star menus or old Stars returning to view.",dry,bad-joke,
L084,,"Come along, Star. I know the way.",Star collected,"A collected Star's reveal finishes, its light still visible.",A positive Star reward is committed for a new identity. Its reveal and any narration finish; its light or award remains visible.,"No ordinary blocks, zero awards, Star menus or old Stars returning to view.",protective,warmth,
L085,,I know that face.,Titan revealed,The newly revealed Titan remains on screen after its introduction.,"A Titan unlock is committed. Its reveal, cinematic and narration finish; the same Titan remains clearly visible.","No narration overlap, off-screen Titan, archive view or repeated proximity.",pained,mystery,
L086,,We didn't part as friends.,Titan revealed,The newly revealed Titan remains on screen after its introduction.,"A Titan unlock is committed. Its reveal, cinematic and narration finish; the same Titan remains clearly visible.","No narration overlap, off-screen Titan, archive view or repeated proximity.",restrained,mystery,
L087,,You still owe me a drink.,Titan revealed,The newly revealed Titan remains on screen after its introduction.,"A Titan unlock is committed. Its reveal, cinematic and narration finish; the same Titan remains clearly visible.","No narration overlap, off-screen Titan, archive view or repeated proximity.",fond,mystery,
L088,,"Ah, shit. You again.",Titan revealed,The newly revealed Titan remains on screen after its introduction.,"A Titan unlock is committed. Its reveal, cinematic and narration finish; the same Titan remains clearly visible.","No narration overlap, off-screen Titan, archive view or repeated proximity.",startled,mystery,
L089,,A Titan. Suddenly I feel underdressed.,Titan revealed,The newly revealed Titan remains on screen after its introduction.,"A Titan unlock is committed. Its reveal, cinematic and narration finish; the same Titan remains clearly visible.","No narration overlap, off-screen Titan, archive view or repeated proximity.",wry,bad-joke,
L090,,"Hello, big fella. Easy does it.",Titan revealed,The newly revealed Titan remains on screen after its introduction.,"A Titan unlock is committed. Its reveal, cinematic and narration finish; the same Titan remains clearly visible.","No narration overlap, off-screen Titan, archive view or repeated proximity.",gentle,warmth,
L091,,That Titan makes my problems look small.,Titan revealed,The newly revealed Titan remains on screen after its introduction.,"A Titan unlock is committed. Its reveal, cinematic and narration finish; the same Titan remains clearly visible.","No narration overlap, off-screen Titan, archive view or repeated proximity.",awed,relatable,
L092,,A Titan. That's a difficult introduction.,Titan revealed,The newly revealed Titan remains on screen after its introduction.,"A Titan unlock is committed. Its reveal, cinematic and narration finish; the same Titan remains clearly visible.","No narration overlap, off-screen Titan, archive view or repeated proximity.",nervous,relatable,
L093,,I was hoping you'd forgotten my face.,Titan revealed,The newly revealed Titan remains on screen after its introduction.,"A Titan unlock is committed. Its reveal, cinematic and narration finish; the same Titan remains clearly visible.","No narration overlap, off-screen Titan, archive view or repeated proximity.",confiding,mystery,
L094,,That's one hell of a neighbour.,Titan revealed,The newly revealed Titan remains on screen after its introduction.,"A Titan unlock is committed. Its reveal, cinematic and narration finish; the same Titan remains clearly visible.","No narration overlap, off-screen Titan, archive view or repeated proximity.",awed,dark-humour,
L095,,A Titan. I'll put the questions away.,Titan revealed,The newly revealed Titan remains on screen after its introduction.,"A Titan unlock is committed. Its reveal, cinematic and narration finish; the same Titan remains clearly visible.","No narration overlap, off-screen Titan, archive view or repeated proximity.",wary,practical,
L096,,You look tired. I know the feeling.,Titan revealed,The newly revealed Titan remains on screen after its introduction.,"A Titan unlock is committed. Its reveal, cinematic and narration finish; the same Titan remains clearly visible.","No narration overlap, off-screen Titan, archive view or repeated proximity.",warm,relatable,
L097,,Different stone. Same terrible benefits.,A visibly different region,The mine's scenery clearly changes around you.,The authoritative biome identity changes for the first time; the new scenery is visible and stable for 2 seconds.,"No hidden depth band, obscured scenery, ordinary camera pan or loaded save.",dry,bad-joke,
L098,,New ground. Watch where you step.,A visibly different region,The mine's scenery clearly changes around you.,The authoritative biome identity changes for the first time; the new scenery is visible and stable for 2 seconds.,"No hidden depth band, obscured scenery, ordinary camera pan or loaded save.",alert,practical,
L099,,"Well, the mine's changed its mind.",A visibly different region,The mine's scenery clearly changes around you.,The authoritative biome identity changes for the first time; the new scenery is visible and stable for 2 seconds.,"No hidden depth band, obscured scenery, ordinary camera pan or loaded save.",surprised,practical,
L100,,New colours. Still mostly bad news.,A visibly different region,The mine's scenery clearly changes around you.,The authoritative biome identity changes for the first time; the new scenery is visible and stable for 2 seconds.,"No hidden depth band, obscured scenery, ordinary camera pan or loaded save.",wry,dark-humour,
L101,,This part of the mine feels different.,A visibly different region,The mine's scenery clearly changes around you.,The authoritative biome identity changes for the first time; the new scenery is visible and stable for 2 seconds.,"No hidden depth band, obscured scenery, ordinary camera pan or loaded save.",curious,practical,
L102,,Different walls. Same aching shoulders.,A visibly different region,The mine's scenery clearly changes around you.,The authoritative biome identity changes for the first time; the new scenery is visible and stable for 2 seconds.,"No hidden depth band, obscured scenery, ordinary camera pan or loaded save.",weary,relatable,
L103,,A new stretch of mine. Easy now.,A visibly different region,The mine's scenery clearly changes around you.,The authoritative biome identity changes for the first time; the new scenery is visible and stable for 2 seconds.,"No hidden depth band, obscured scenery, ordinary camera pan or loaded save.",steady,practical,
L104,,Fresh scenery. I should charge for travel.,A visibly different region,The mine's scenery clearly changes around you.,The authoritative biome identity changes for the first time; the new scenery is visible and stable for 2 seconds.,"No hidden depth band, obscured scenery, ordinary camera pan or loaded save.",amused,bad-joke,
L105,,New stone. Old nerves.,A visibly different region,The mine's scenery clearly changes around you.,The authoritative biome identity changes for the first time; the new scenery is visible and stable for 2 seconds.,"No hidden depth band, obscured scenery, ordinary camera pan or loaded save.",uneasy,vulnerable,
L106,,I've seen stone like this before.,A visibly different region,The mine's scenery clearly changes around you.,The authoritative biome identity changes for the first time; the new scenery is visible and stable for 2 seconds.,"No hidden depth band, obscured scenery, ordinary camera pan or loaded save.",quiet,mystery,
L107,,The walls changed. Keep the way back.,A visibly different region,The mine's scenery clearly changes around you.,The authoritative biome identity changes for the first time; the new scenery is visible and stable for 2 seconds.,"No hidden depth band, obscured scenery, ordinary camera pan or loaded save.",focused,practical,
L108,,New ground. Let's give it a chance.,A visibly different region,The mine's scenery clearly changes around you.,The authoritative biome identity changes for the first time; the new scenery is visible and stable for 2 seconds.,"No hidden depth band, obscured scenery, ordinary camera pan or loaded save.",hopeful,warmth,
L109,,Another depth reached. I'll take that.,Depth milestone reached,The new depth milestone reward or marker appears.,The milestone authority confirms a new threshold and its depth/reward feedback is visible.,"No every-metre trigger, map hover, invisible threshold or restored progress.",pleased,practical,
L110,,That's a fair way down.,Depth milestone reached,The new depth milestone reward or marker appears.,The milestone authority confirms a new threshold and its depth/reward feedback is visible.,"No every-metre trigger, map hover, invisible threshold or restored progress.",awed,practical,
L111,,Deeper already. One breath to celebrate.,Depth milestone reached,The new depth milestone reward or marker appears.,The milestone authority confirms a new threshold and its depth/reward feedback is visible.,"No every-metre trigger, map hover, invisible threshold or restored progress.",satisfied,relatable,
L112,,Another depth mark. Still on my feet.,Depth milestone reached,The new depth milestone reward or marker appears.,The milestone authority confirms a new threshold and its depth/reward feedback is visible.,"No every-metre trigger, map hover, invisible threshold or restored progress.",steady,practical,
L113,,We made that depth. Bloody good.,Depth milestone reached,The new depth milestone reward or marker appears.,The milestone authority confirms a new threshold and its depth/reward feedback is visible.,"No every-metre trigger, map hover, invisible threshold or restored progress.",proud,relatable,
L114,,A little deeper. A little less sensible.,Depth milestone reached,The new depth milestone reward or marker appears.,The milestone authority confirms a new threshold and its depth/reward feedback is visible.,"No every-metre trigger, map hover, invisible threshold or restored progress.",wry,dark-humour,
L115,,That's progress. My knees disagree.,Depth milestone reached,The new depth milestone reward or marker appears.,The milestone authority confirms a new threshold and its depth/reward feedback is visible.,"No every-metre trigger, map hover, invisible threshold or restored progress.",amused,bad-joke,
L116,,Another depth reached. Supper feels further away.,Depth milestone reached,The new depth milestone reward or marker appears.,The milestone authority confirms a new threshold and its depth/reward feedback is visible.,"No every-metre trigger, map hover, invisible threshold or restored progress.",weary,relatable,
L117,,Deep enough to impress my old boss.,Depth milestone reached,The new depth milestone reward or marker appears.,The milestone authority confirms a new threshold and its depth/reward feedback is visible.,"No every-metre trigger, map hover, invisible threshold or restored progress.",crooked,mystery,
L118,,That depth used to mean something else.,Depth milestone reached,The new depth milestone reward or marker appears.,The milestone authority confirms a new threshold and its depth/reward feedback is visible.,"No every-metre trigger, map hover, invisible threshold or restored progress.",quiet,mystery,
L119,,Another mark down. Keep the pride quiet.,Depth milestone reached,The new depth milestone reward or marker appears.,The milestone authority confirms a new threshold and its depth/reward feedback is visible.,"No every-metre trigger, map hover, invisible threshold or restored progress.",self-conscious,relatable,
L120,,That far down. No wonder I'm tired.,Depth milestone reached,The new depth milestone reward or marker appears.,The milestone authority confirms a new threshold and its depth/reward feedback is visible.,"No every-metre trigger, map hover, invisible threshold or restored progress.",muttering,relatable,
L121,,New record. Act casual.,New deepest point,A new personal depth record is visibly confirmed.,A meaningful personal-best event beats the old record and its confirmation is visible. Choose one reaction if a milestone occurs too.,No repeated metres past the record and no second line for the same milestone.,pleased,relatable,
L122,,My deepest yet. Don't get cocky.,New deepest point,A new personal depth record is visibly confirmed.,A meaningful personal-best event beats the old record and its confirmation is visible. Choose one reaction if a milestone occurs too.,No repeated metres past the record and no second line for the same milestone.,self-reassuring,practical,
L123,,Past my old best. Look at that.,New deepest point,A new personal depth record is visibly confirmed.,A meaningful personal-best event beats the old record and its confirmation is visible. Choose one reaction if a milestone occurs too.,No repeated metres past the record and no second line for the same milestone.,proud,relatable,
L124,,A new best. Still underpaid.,New deepest point,A new personal depth record is visibly confirmed.,A meaningful personal-best event beats the old record and its confirmation is visible. Choose one reaction if a milestone occurs too.,No repeated metres past the record and no second line for the same milestone.,dry,work,
L125,,Never dug this deep before.,New deepest point,A new personal depth record is visibly confirmed.,A meaningful personal-best event beats the old record and its confirmation is visible. Choose one reaction if a milestone occurs too.,No repeated metres past the record and no second line for the same milestone.,awed,practical,
L126,,Record broken. Back still negotiating.,New deepest point,A new personal depth record is visibly confirmed.,A meaningful personal-best event beats the old record and its confirmation is visible. Choose one reaction if a milestone occurs too.,No repeated metres past the record and no second line for the same milestone.,amused,bad-joke,
L127,,"That's my old limit, gone.",New deepest point,A new personal depth record is visibly confirmed.,A meaningful personal-best event beats the old record and its confirmation is visible. Choose one reaction if a milestone occurs too.,No repeated metres past the record and no second line for the same milestone.,satisfied,practical,
L128,,New deepest point. I earned this breath.,New deepest point,A new personal depth record is visibly confirmed.,A meaningful personal-best event beats the old record and its confirmation is visible. Choose one reaction if a milestone occurs too.,No repeated metres past the record and no second line for the same milestone.,relieved,relatable,
L129,,Beat my best. Nobody mention the nerves.,New deepest point,A new personal depth record is visibly confirmed.,A meaningful personal-best event beats the old record and its confirmation is visible. Choose one reaction if a milestone occurs too.,No repeated metres past the record and no second line for the same milestone.,vulnerable,relatable,
L130,,Farther than last time. Good.,New deepest point,A new personal depth record is visibly confirmed.,A meaningful personal-best event beats the old record and its confirmation is visible. Choose one reaction if a milestone occurs too.,No repeated metres past the record and no second line for the same milestone.,steady,practical,
L131,,New record. I'd forgotten how pride feels.,New deepest point,A new personal depth record is visibly confirmed.,A meaningful personal-best event beats the old record and its confirmation is visible. Choose one reaction if a milestone occurs too.,No repeated metres past the record and no second line for the same milestone.,soft,mystery,
L132,,A new best. I'll complain after celebrating.,New deepest point,A new personal depth record is visibly confirmed.,A meaningful personal-best event beats the old record and its confirmation is visible. Choose one reaction if a milestone occurs too.,No repeated metres past the record and no second line for the same milestone.,playful,relatable,
L133,,Loose rocks. Keep moving.,Rocks about to fall nearby,A live rock danger marker overlaps your position.,The player's actual danger area overlaps an active fall zone. Rocks have not already passed; the voice can start immediately.,"No distant quake, safe shelter, finished fall, queued stale warning or competing speech.",urgent,practical,
L134,,Loose rocks. Not again.,Rocks about to fall nearby,A live rock danger marker overlaps your position.,The player's actual danger area overlaps an active fall zone. Rocks have not already passed; the voice can start immediately.,"No distant quake, safe shelter, finished fall, queued stale warning or competing speech.",rattled,practical,
L135,,Rocks coming down. Move!,Rocks about to fall nearby,A live rock danger marker overlaps your position.,The player's actual danger area overlaps an active fall zone. Rocks have not already passed; the voice can start immediately.,"No distant quake, safe shelter, finished fall, queued stale warning or competing speech.",alarmed,practical,
L136,,Rockfall. Get clear.,Rocks about to fall nearby,A live rock danger marker overlaps your position.,The player's actual danger area overlaps an active fall zone. Rocks have not already passed; the voice can start immediately.,"No distant quake, safe shelter, finished fall, queued stale warning or competing speech.",firm,practical,
L137,,That rock's coming down!,Rocks about to fall nearby,A live rock danger marker overlaps your position.,The player's actual danger area overlaps an active fall zone. Rocks have not already passed; the voice can start immediately.,"No distant quake, safe shelter, finished fall, queued stale warning or competing speech.",sharp,practical,
L138,,Loose ceiling. Move clear.,Rocks about to fall nearby,A live rock danger marker overlaps your position.,The player's actual danger area overlaps an active fall zone. Rocks have not already passed; the voice can start immediately.,"No distant quake, safe shelter, finished fall, queued stale warning or competing speech.",urgent,practical,
L139,,Rocks above. Out of here.,Rocks about to fall nearby,A live rock danger marker overlaps your position.,The player's actual danger area overlaps an active fall zone. Rocks have not already passed; the voice can start immediately.,"No distant quake, safe shelter, finished fall, queued stale warning or competing speech.",focused,practical,
L140,,Falling rocks. Keep clear.,Rocks about to fall nearby,A live rock danger marker overlaps your position.,The player's actual danger area overlaps an active fall zone. Rocks have not already passed; the voice can start immediately.,"No distant quake, safe shelter, finished fall, queued stale warning or competing speech.",firm,practical,
L141,,Get clear of those rocks!,Rocks about to fall nearby,A live rock danger marker overlaps your position.,The player's actual danger area overlaps an active fall zone. Rocks have not already passed; the voice can start immediately.,"No distant quake, safe shelter, finished fall, queued stale warning or competing speech.",alarmed,practical,
L142,,Rockfall. Don't stand here.,Rocks about to fall nearby,A live rock danger marker overlaps your position.,The player's actual danger area overlaps an active fall zone. Rocks have not already passed; the voice can start immediately.,"No distant quake, safe shelter, finished fall, queued stale warning or competing speech.",urgent,practical,
L143,,Watch those falling rocks!,Rocks about to fall nearby,A live rock danger marker overlaps your position.,The player's actual danger area overlaps an active fall zone. Rocks have not already passed; the voice can start immediately.,"No distant quake, safe shelter, finished fall, queued stale warning or competing speech.",sharp,practical,
L144,,"Loose rocks. Move, move!",Rocks about to fall nearby,A live rock danger marker overlaps your position.,The player's actual danger area overlaps an active fall zone. Rocks have not already passed; the voice can start immediately.,"No distant quake, safe shelter, finished fall, queued stale warning or competing speech.",strained,practical,
L145,,Still breathing. That makes a change.,Survived a quake near miss,Rocks stop after actually threatening you.,This quake recorded personal danger-zone exposure or a near miss. The player survives; debris stops and safety holds for 3 seconds.,"No distant quake, rumble alone, death, menu or renewed hazard.",relieved,dark-humour,
L146,,Not my first burial.,Survived a quake near miss,Rocks stop after actually threatening you.,This quake recorded personal danger-zone exposure or a near miss. The player survives; debris stops and safety holds for 3 seconds.,"No distant quake, rumble alone, death, menu or renewed hazard.",rattled,mystery,
L147,,Fuck me. Still breathing.,Survived a quake near miss,Rocks stop after actually threatening you.,This quake recorded personal danger-zone exposure or a near miss. The player survives; debris stops and safety holds for 3 seconds.,"No distant quake, rumble alone, death, menu or renewed hazard.",breathless,dark-humour,
L148,,I've had gentler lovers.,Survived a quake near miss,Rocks stop after actually threatening you.,This quake recorded personal danger-zone exposure or a near miss. The player survives; debris stops and safety holds for 3 seconds.,"No distant quake, rumble alone, death, menu or renewed hazard.",rueful,innuendo,
L149,,Rocks stopped. Let's keep it that way.,Survived a quake near miss,Rocks stop after actually threatening you.,This quake recorded personal danger-zone exposure or a near miss. The player survives; debris stops and safety holds for 3 seconds.,"No distant quake, rumble alone, death, menu or renewed hazard.",weary,practical,
L150,,Survived that. Hands haven't caught up.,Survived a quake near miss,Rocks stop after actually threatening you.,This quake recorded personal danger-zone exposure or a near miss. The player survives; debris stops and safety holds for 3 seconds.,"No distant quake, rumble alone, death, menu or renewed hazard.",shaken,vulnerable,
L151,,Quake's over. My nerves need longer.,Survived a quake near miss,Rocks stop after actually threatening you.,This quake recorded personal danger-zone exposure or a near miss. The player survives; debris stops and safety holds for 3 seconds.,"No distant quake, rumble alone, death, menu or renewed hazard.",wry,relatable,
L152,,"Missed me. Terrible aim, mountain.",Survived a quake near miss,Rocks stop after actually threatening you.,This quake recorded personal danger-zone exposure or a near miss. The player survives; debris stops and safety holds for 3 seconds.,"No distant quake, rumble alone, death, menu or renewed hazard.",crooked,bad-joke,
L153,,Still here. Bit rude of me.,Survived a quake near miss,Rocks stop after actually threatening you.,This quake recorded personal danger-zone exposure or a near miss. The player survives; debris stops and safety holds for 3 seconds.,"No distant quake, rumble alone, death, menu or renewed hazard.",amused,dark-humour,
L154,,That rockfall nearly ended my shift.,Survived a quake near miss,Rocks stop after actually threatening you.,This quake recorded personal danger-zone exposure or a near miss. The player survives; debris stops and safety holds for 3 seconds.,"No distant quake, rumble alone, death, menu or renewed hazard.",rattled,work,
L155,,"Quake's passed. Breathe, you idiot.",Survived a quake near miss,Rocks stop after actually threatening you.,This quake recorded personal danger-zone exposure or a near miss. The player survives; debris stops and safety holds for 3 seconds.,"No distant quake, rumble alone, death, menu or renewed hazard.",self-reassuring,relatable,
L156,,Rocks settled. I'm still doing that.,Survived a quake near miss,Rocks stop after actually threatening you.,This quake recorded personal danger-zone exposure or a near miss. The player survives; debris stops and safety holds for 3 seconds.,"No distant quake, rumble alone, death, menu or renewed hazard.",muttering,bad-joke,
L157,,Too much. I need somewhere safe.,Hardcore stress turns critical,The visible stress warning turns critical.,Hardcore mode is enabled; stress rises into critical and the warning is visible and still active.,"No normal mode, assumed injury, hidden stress change or competing speech.",strained,vulnerable,
L158,,I'm rattled. Get somewhere calm.,Hardcore stress turns critical,The visible stress warning turns critical.,Hardcore mode is enabled; stress rises into critical and the warning is visible and still active.,"No normal mode, assumed injury, hidden stress change or competing speech.",urgent,vulnerable,
L159,,Steady hands. Find safety.,Hardcore stress turns critical,The visible stress warning turns critical.,Hardcore mode is enabled; stress rises into critical and the warning is visible and still active.,"No normal mode, assumed injury, hidden stress change or competing speech.",focused,practical,
L160,,Panic's climbing. Time to get clear.,Hardcore stress turns critical,The visible stress warning turns critical.,Hardcore mode is enabled; stress rises into critical and the warning is visible and still active.,"No normal mode, assumed injury, hidden stress change or competing speech.",alarmed,practical,
L161,,Not thinking straight. Find safe ground.,Hardcore stress turns critical,The visible stress warning turns critical.,Hardcore mode is enabled; stress rises into critical and the warning is visible and still active.,"No normal mode, assumed injury, hidden stress change or competing speech.",strained,vulnerable,
L162,,All right. Fear's winning. Move to safety.,Hardcore stress turns critical,The visible stress warning turns critical.,Hardcore mode is enabled; stress rises into critical and the warning is visible and still active.,"No normal mode, assumed injury, hidden stress change or competing speech.",rattled,practical,
L163,,I'm losing my nerve here.,Hardcore stress turns critical,The visible stress warning turns critical.,Hardcore mode is enabled; stress rises into critical and the warning is visible and still active.,"No normal mode, assumed injury, hidden stress change or competing speech.",breathless,vulnerable,
L164,,Easy. Get safe. Then breathe.,Hardcore stress turns critical,The visible stress warning turns critical.,Hardcore mode is enabled; stress rises into critical and the warning is visible and still active.,"No normal mode, assumed injury, hidden stress change or competing speech.",self-reassuring,practical,
L165,,"That's enough stress. Somewhere safe, now.",Hardcore stress turns critical,The visible stress warning turns critical.,Hardcore mode is enabled; stress rises into critical and the warning is visible and still active.,"No normal mode, assumed injury, hidden stress change or competing speech.",firm,practical,
L166,,Can't settle here. Find safety.,Hardcore stress turns critical,The visible stress warning turns critical.,Hardcore mode is enabled; stress rises into critical and the warning is visible and still active.,"No normal mode, assumed injury, hidden stress change or competing speech.",strained,practical,
L167,,Keep it together. Get somewhere safe.,Hardcore stress turns critical,The visible stress warning turns critical.,Hardcore mode is enabled; stress rises into critical and the warning is visible and still active.,"No normal mode, assumed injury, hidden stress change or competing speech.",urgent,practical,
L168,,Panic later. Safe ground first.,Hardcore stress turns critical,The visible stress warning turns critical.,Hardcore mode is enabled; stress rises into critical and the warning is visible and still active.,"No normal mode, assumed injury, hidden stress change or competing speech.",focused,practical,
L169,,Calm again. Took your time.,Hardcore stress returns to calm,Your critical stress warning visibly clears.,A personally experienced warning/critical episode returns to calm. The warning clears and safety holds for 3 seconds.,"No ordinary refill, spawning calm, restored save or new threat.",relieved,relatable,
L170,,There. I can think again.,Hardcore stress returns to calm,Your critical stress warning visibly clears.,A personally experienced warning/critical episode returns to calm. The warning clears and safety holds for 3 seconds.,"No ordinary refill, spawning calm, restored save or new threat.",soft,vulnerable,
L171,,Nerves settled. Let's be kinder to them.,Hardcore stress returns to calm,Your critical stress warning visibly clears.,A personally experienced warning/critical episode returns to calm. The warning clears and safety holds for 3 seconds.,"No ordinary refill, spawning calm, restored save or new threat.",gentle,relatable,
L172,,Panic's gone. Pride's still hiding.,Hardcore stress returns to calm,Your critical stress warning visibly clears.,A personally experienced warning/critical episode returns to calm. The warning clears and safety holds for 3 seconds.,"No ordinary refill, spawning calm, restored save or new threat.",wry,bad-joke,
L173,,Better. I needed that quiet.,Hardcore stress returns to calm,Your critical stress warning visibly clears.,A personally experienced warning/critical episode returns to calm. The warning clears and safety holds for 3 seconds.,"No ordinary refill, spawning calm, restored save or new threat.",weary,vulnerable,
L174,,Feeling steady. Small mercies.,Hardcore stress returns to calm,Your critical stress warning visibly clears.,A personally experienced warning/critical episode returns to calm. The warning clears and safety holds for 3 seconds.,"No ordinary refill, spawning calm, restored save or new threat.",relieved,practical,
L175,,There's my nerve. Welcome back.,Hardcore stress returns to calm,Your critical stress warning visibly clears.,A personally experienced warning/critical episode returns to calm. The warning clears and safety holds for 3 seconds.,"No ordinary refill, spawning calm, restored save or new threat.",warm,relatable,
L176,,Calm at last. Quite the performance.,Hardcore stress returns to calm,Your critical stress warning visibly clears.,A personally experienced warning/critical episode returns to calm. The warning clears and safety holds for 3 seconds.,"No ordinary refill, spawning calm, restored save or new threat.",dry,bad-joke,
L177,,Hands feel steady again. Good.,Hardcore stress returns to calm,Your critical stress warning visibly clears.,A personally experienced warning/critical episode returns to calm. The warning clears and safety holds for 3 seconds.,"No ordinary refill, spawning calm, restored save or new threat.",satisfied,practical,
L178,,That's better. Nobody tell my reputation.,Hardcore stress returns to calm,Your critical stress warning visibly clears.,A personally experienced warning/critical episode returns to calm. The warning clears and safety holds for 3 seconds.,"No ordinary refill, spawning calm, restored save or new threat.",crooked,relatable,
L179,,The fear passes. I remember that much.,Hardcore stress returns to calm,Your critical stress warning visibly clears.,A personally experienced warning/critical episode returns to calm. The warning clears and safety holds for 3 seconds.,"No ordinary refill, spawning calm, restored save or new threat.",quiet,mystery,
L180,,Breathing easier. That's enough for now.,Hardcore stress returns to calm,Your critical stress warning visibly clears.,A personally experienced warning/critical episode returns to calm. The warning clears and safety holds for 3 seconds.,"No ordinary refill, spawning calm, restored save or new threat.",soft,vulnerable,
L181,,Quite a haul. My back noticed.,A substantial haul,A fresh pickup fills the bag's visual indicator.,Fresh material collection crosses the bag HUD's top visual band after a meaningful haul; its pickup/bag feedback is visible.,"Visual fullness is not a carrying limit. No blocked-inventory claims, forced-selling advice or restored inventory.",weary,relatable,
L182,,That's a lot of ore.,A substantial haul,A fresh pickup fills the bag's visual indicator.,Fresh material collection crosses the bag HUD's top visual band after a meaningful haul; its pickup/bag feedback is visible.,"Visual fullness is not a carrying limit. No blocked-inventory claims, forced-selling advice or restored inventory.",impressed,practical,
L183,,Bag's earning its keep today.,A substantial haul,A fresh pickup fills the bag's visual indicator.,Fresh material collection crosses the bag HUD's top visual band after a meaningful haul; its pickup/bag feedback is visible.,"Visual fullness is not a carrying limit. No blocked-inventory claims, forced-selling advice or restored inventory.",pleased,work,
L184,,A proper haul. Mostly honest work.,A substantial haul,A fresh pickup fills the bag's visual indicator.,Fresh material collection crosses the bag HUD's top visual band after a meaningful haul; its pickup/bag feedback is visible.,"Visual fullness is not a carrying limit. No blocked-inventory claims, forced-selling advice or restored inventory.",crooked,dark-humour,
L185,,All that ore. Supper's looking better.,A substantial haul,A fresh pickup fills the bag's visual indicator.,Fresh material collection crosses the bag HUD's top visual band after a meaningful haul; its pickup/bag feedback is visible.,"Visual fullness is not a carrying limit. No blocked-inventory claims, forced-selling advice or restored inventory.",hopeful,relatable,
L186,,That's enough ore to brag about.,A substantial haul,A fresh pickup fills the bag's visual indicator.,Fresh material collection crosses the bag HUD's top visual band after a meaningful haul; its pickup/bag feedback is visible.,"Visual fullness is not a carrying limit. No blocked-inventory claims, forced-selling advice or restored inventory.",proud,relatable,
L187,,Quite a load. I volunteered for this.,A substantial haul,A fresh pickup fills the bag's visual indicator.,Fresh material collection crosses the bag HUD's top visual band after a meaningful haul; its pickup/bag feedback is visible.,"Visual fullness is not a carrying limit. No blocked-inventory claims, forced-selling advice or restored inventory.",resigned,bad-joke,
L188,,Look at that haul. Worth the dirt.,A substantial haul,A fresh pickup fills the bag's visual indicator.,Fresh material collection crosses the bag HUD's top visual band after a meaningful haul; its pickup/bag feedback is visible.,"Visual fullness is not a carrying limit. No blocked-inventory claims, forced-selling advice or restored inventory.",satisfied,work,
L189,,Bag's looking profitable. Finally.,A substantial haul,A fresh pickup fills the bag's visual indicator.,Fresh material collection crosses the bag HUD's top visual band after a meaningful haul; its pickup/bag feedback is visible.,"Visual fullness is not a carrying limit. No blocked-inventory claims, forced-selling advice or restored inventory.",amused,work,
L190,,A good haul. Don't get greedy.,A substantial haul,A fresh pickup fills the bag's visual indicator.,Fresh material collection crosses the bag HUD's top visual band after a meaningful haul; its pickup/bag feedback is visible.,"Visual fullness is not a carrying limit. No blocked-inventory claims, forced-selling advice or restored inventory.",self-reassuring,practical,
L191,,More ore than sense. Typical.,A substantial haul,A fresh pickup fills the bag's visual indicator.,Fresh material collection crosses the bag HUD's top visual band after a meaningful haul; its pickup/bag feedback is visible.,"Visual fullness is not a carrying limit. No blocked-inventory claims, forced-selling advice or restored inventory.",dry,bad-joke,
L192,,This haul deserves a sit-down.,A substantial haul,A fresh pickup fills the bag's visual indicator.,Fresh material collection crosses the bag HUD's top visual band after a meaningful haul; its pickup/bag feedback is visible.,"Visual fullness is not a carrying limit. No blocked-inventory claims, forced-selling advice or restored inventory.",weary,relatable,
L193,,I used to hate daylight.,Back in Town after a deep trip,You emerge into Town after going at least 300 metres deep.,A real deep expedition ends with a committed return summary. The player is above ground and Town is visible.,"No short surface loop, underground teleport, menu, shop or NPC conversation. Daylight lines additionally require daylight.",wistful,mystery,Daylight only
L194,,The sky still looks wrong.,Back in Town after a deep trip,You emerge into Town after going at least 300 metres deep.,A real deep expedition ends with a committed return summary. The player is above ground and Town is visible.,"No short surface loop, underground teleport, menu, shop or NPC conversation. Daylight lines additionally require daylight.",uneasy,mystery,
L195,,Still alive. Sorry to disappoint.,Back in Town after a deep trip,You emerge into Town after going at least 300 metres deep.,A real deep expedition ends with a committed return summary. The player is above ground and Town is visible.,"No short surface loop, underground teleport, menu, shop or NPC conversation. Daylight lines additionally require daylight.",weary,dark-humour,
L196,,"Town again. Gods, I need a chair.",Back in Town after a deep trip,You emerge into Town after going at least 300 metres deep.,A real deep expedition ends with a committed return summary. The player is above ground and Town is visible.,"No short surface loop, underground teleport, menu, shop or NPC conversation. Daylight lines additionally require daylight.",relieved,relatable,
L197,,Back in Town. Try looking respectable.,Back in Town after a deep trip,You emerge into Town after going at least 300 metres deep.,A real deep expedition ends with a committed return summary. The player is above ground and Town is visible.,"No short surface loop, underground teleport, menu, shop or NPC conversation. Daylight lines additionally require daylight.",self-conscious,bad-joke,
L198,,There's Town. I missed this air.,Back in Town after a deep trip,You emerge into Town after going at least 300 metres deep.,A real deep expedition ends with a committed return summary. The player is above ground and Town is visible.,"No short surface loop, underground teleport, menu, shop or NPC conversation. Daylight lines additionally require daylight.",warm,warmth,
L199,,Made it back. That's the important bit.,Back in Town after a deep trip,You emerge into Town after going at least 300 metres deep.,A real deep expedition ends with a committed return summary. The player is above ground and Town is visible.,"No short surface loop, underground teleport, menu, shop or NPC conversation. Daylight lines additionally require daylight.",relieved,practical,
L200,,Home for now. Don't make it complicated.,Back in Town after a deep trip,You emerge into Town after going at least 300 metres deep.,A real deep expedition ends with a committed return summary. The player is above ground and Town is visible.,"No short surface loop, underground teleport, menu, shop or NPC conversation. Daylight lines additionally require daylight.",soft,mystery,
L201,,Back above ground. My shoulders thank me.,Back in Town after a deep trip,You emerge into Town after going at least 300 metres deep.,A real deep expedition ends with a committed return summary. The player is above ground and Town is visible.,"No short surface loop, underground teleport, menu, shop or NPC conversation. Daylight lines additionally require daylight.",weary,relatable,
L202,,Town. A beautiful place to stop working.,Back in Town after a deep trip,You emerge into Town after going at least 300 metres deep.,A real deep expedition ends with a committed return summary. The player is above ground and Town is visible.,"No short surface loop, underground teleport, menu, shop or NPC conversation. Daylight lines additionally require daylight.",amused,work,
L203,,Back in one piece. More or less.,Back in Town after a deep trip,You emerge into Town after going at least 300 metres deep.,A real deep expedition ends with a committed return summary. The player is above ground and Town is visible.,"No short surface loop, underground teleport, menu, shop or NPC conversation. Daylight lines additionally require daylight.",wry,dark-humour,
L204,,Town again. I owe myself supper.,Back in Town after a deep trip,You emerge into Town after going at least 300 metres deep.,A real deep expedition ends with a committed return summary. The player is above ground and Town is visible.,"No short surface loop, underground teleport, menu, shop or NPC conversation. Daylight lines additionally require daylight.",pleased,relatable,
L205,,Upgrade bought. There goes supper.,A meaningful upgrade bought,The successful upgrade purchase confirmation appears.,"A deliberate purchase succeeds, spends at least 20% of the previous wallet and shows its confirmation. The merchant is not speaking.","No shop entry, failed purchase, free grant, restored upgrade or repeat click. Drop if NPC dialogue owns the moment.",rueful,relatable,
L206,,"Well, that upgrade wasn't cheap.",A meaningful upgrade bought,The successful upgrade purchase confirmation appears.,"A deliberate purchase succeeds, spends at least 20% of the previous wallet and shows its confirmation. The merchant is not speaking.","No shop entry, failed purchase, free grant, restored upgrade or repeat click. Drop if NPC dialogue owns the moment.",dry,work,
L207,,Upgrade paid for. Better earn its keep.,A meaningful upgrade bought,The successful upgrade purchase confirmation appears.,"A deliberate purchase succeeds, spends at least 20% of the previous wallet and shows its confirmation. The merchant is not speaking.","No shop entry, failed purchase, free grant, restored upgrade or repeat click. Drop if NPC dialogue owns the moment.",resolute,work,
L208,,New upgrade. Old spending problem.,A meaningful upgrade bought,The successful upgrade purchase confirmation appears.,"A deliberate purchase succeeds, spends at least 20% of the previous wallet and shows its confirmation. The merchant is not speaking.","No shop entry, failed purchase, free grant, restored upgrade or repeat click. Drop if NPC dialogue owns the moment.",amused,bad-joke,
L209,,That's bought. Try calling it an investment.,A meaningful upgrade bought,The successful upgrade purchase confirmation appears.,"A deliberate purchase succeeds, spends at least 20% of the previous wallet and shows its confirmation. The merchant is not speaking.","No shop entry, failed purchase, free grant, restored upgrade or repeat click. Drop if NPC dialogue owns the moment.",self-conscious,relatable,
L210,,Upgrade's mine. Wallet needs a moment.,A meaningful upgrade bought,The successful upgrade purchase confirmation appears.,"A deliberate purchase succeeds, spends at least 20% of the previous wallet and shows its confirmation. The merchant is not speaking.","No shop entry, failed purchase, free grant, restored upgrade or repeat click. Drop if NPC dialogue owns the moment.",rueful,bad-joke,
L211,,Bought myself a little more ambition.,A meaningful upgrade bought,The successful upgrade purchase confirmation appears.,"A deliberate purchase succeeds, spends at least 20% of the previous wallet and shows its confirmation. The merchant is not speaking.","No shop entry, failed purchase, free grant, restored upgrade or repeat click. Drop if NPC dialogue owns the moment.",pleased,relatable,
L212,,Upgrade paid. Complaining is still free.,A meaningful upgrade bought,The successful upgrade purchase confirmation appears.,"A deliberate purchase succeeds, spends at least 20% of the previous wallet and shows its confirmation. The merchant is not speaking.","No shop entry, failed purchase, free grant, restored upgrade or repeat click. Drop if NPC dialogue owns the moment.",dry,bad-joke,
L213,,That upgrade cost actual evenings.,A meaningful upgrade bought,The successful upgrade purchase confirmation appears.,"A deliberate purchase succeeds, spends at least 20% of the previous wallet and shows its confirmation. The merchant is not speaking.","No shop entry, failed purchase, free grant, restored upgrade or repeat click. Drop if NPC dialogue owns the moment.",weary,work,
L214,,A new upgrade. Let's make it count.,A meaningful upgrade bought,The successful upgrade purchase confirmation appears.,"A deliberate purchase succeeds, spends at least 20% of the previous wallet and shows its confirmation. The merchant is not speaking.","No shop entry, failed purchase, free grant, restored upgrade or repeat click. Drop if NPC dialogue owns the moment.",steady,practical,
L215,,Bought it. I do deserve something nice.,A meaningful upgrade bought,The successful upgrade purchase confirmation appears.,"A deliberate purchase succeeds, spends at least 20% of the previous wallet and shows its confirmation. The merchant is not speaking.","No shop entry, failed purchase, free grant, restored upgrade or repeat click. Drop if NPC dialogue owns the moment.",soft,relatable,
L216,,Upgrade secured. My debts will understand.,A meaningful upgrade bought,The successful upgrade purchase confirmation appears.,"A deliberate purchase succeeds, spends at least 20% of the previous wallet and shows its confirmation. The merchant is not speaking.","No shop entry, failed purchase, free grant, restored upgrade or repeat click. Drop if NPC dialogue owns the moment.",crooked,dark-humour,
L217,,Level up. Still no paid holidays.,Level gained,The level-up effect and new level appear.,Gameplay XP increases the level and the level-up effect is visible. Multiple levels from one award count as one moment.,"No every-XP trigger, loaded level or character selection.",dry,work,
L218,,Another level. I should act my age.,Level gained,The level-up effect and new level appear.,Gameplay XP increases the level and the level-up effect is visible. Multiple levels from one award count as one moment.,"No every-XP trigger, loaded level or character selection.",amused,bad-joke,
L219,,A level gained. I'll take the compliment.,Level gained,The level-up effect and new level appear.,Gameplay XP increases the level and the level-up effect is visible. Multiple levels from one award count as one moment.,"No every-XP trigger, loaded level or character selection.",pleased,relatable,
L220,,Level up. Trying looks good on me.,Level gained,The level-up effect and new level appear.,Gameplay XP increases the level and the level-up effect is visible. Multiple levels from one award count as one moment.,"No every-XP trigger, loaded level or character selection.",proud,relatable,
L221,,Another level. Earned that one.,Level gained,The level-up effect and new level appear.,Gameplay XP increases the level and the level-up effect is visible. Multiple levels from one award count as one moment.,"No every-XP trigger, loaded level or character selection.",satisfied,practical,
L222,,Level gained. Don't ruin it by boasting.,Level gained,The level-up effect and new level appear.,Gameplay XP increases the level and the level-up effect is visible. Multiple levels from one award count as one moment.,"No every-XP trigger, loaded level or character selection.",self-conscious,relatable,
L223,,A new level. Same expensive habits.,Level gained,The level-up effect and new level appear.,Gameplay XP increases the level and the level-up effect is visible. Multiple levels from one award count as one moment.,"No every-XP trigger, loaded level or character selection.",wry,relatable,
L224,,Another level. Maybe I'm getting somewhere.,Level gained,The level-up effect and new level appear.,Gameplay XP increases the level and the level-up effect is visible. Multiple levels from one award count as one moment.,"No every-XP trigger, loaded level or character selection.",hopeful,warmth,
L225,,Level up. The old fool learns.,Level gained,The level-up effect and new level appear.,Gameplay XP increases the level and the level-up effect is visible. Multiple levels from one award count as one moment.,"No every-XP trigger, loaded level or character selection.",fond,relatable,
L226,,A level gained. Worth a quiet grin.,Level gained,The level-up effect and new level appear.,Gameplay XP increases the level and the level-up effect is visible. Multiple levels from one award count as one moment.,"No every-XP trigger, loaded level or character selection.",pleased,relatable,
L227,,Another level. I remember starting over.,Level gained,The level-up effect and new level appear.,Gameplay XP increases the level and the level-up effect is visible. Multiple levels from one award count as one moment.,"No every-XP trigger, loaded level or character selection.",quiet,mystery,
L228,,Level up. Breakfast would still help.,Level gained,The level-up effect and new level appear.,Gameplay XP increases the level and the level-up effect is visible. Multiple levels from one award count as one moment.,"No every-XP trigger, loaded level or character selection.",weary,bad-joke,
L229,,New talent. That's worth learning.,New talent learned,A newly purchased talent lights up.,An intentional first-rank talent purchase succeeds and the new unlocked state is visible. Tutorial/narration has finished.,"No hover, repeated rank, locked node, debug grant or hidden change. Do not claim a physical effect before use.",pleased,practical,
L230,,A new trick. Try looking modest.,New talent learned,A newly purchased talent lights up.,An intentional first-rank talent purchase succeeds and the new unlocked state is visible. Tutorial/narration has finished.,"No hover, repeated rank, locked node, debug grant or hidden change. Do not claim a physical effect before use.",playful,relatable,
L231,,Talent learned. A rare good decision.,New talent learned,A newly purchased talent lights up.,An intentional first-rank talent purchase succeeds and the new unlocked state is visible. Tutorial/narration has finished.,"No hover, repeated rank, locked node, debug grant or hidden change. Do not claim a physical effect before use.",dry,bad-joke,
L232,,Learned something new. At my age.,New talent learned,A newly purchased talent lights up.,An intentional first-rank talent purchase succeeds and the new unlocked state is visible. Tutorial/narration has finished.,"No hover, repeated rank, locked node, debug grant or hidden change. Do not claim a physical effect before use.",surprised,relatable,
L233,,That talent's mine. Let's use it wisely.,New talent learned,A newly purchased talent lights up.,An intentional first-rank talent purchase succeeds and the new unlocked state is visible. Tutorial/narration has finished.,"No hover, repeated rank, locked node, debug grant or hidden change. Do not claim a physical effect before use.",steady,practical,
L234,,A new talent. I had room for one.,New talent learned,A newly purchased talent lights up.,An intentional first-rank talent purchase succeeds and the new unlocked state is visible. Tutorial/narration has finished.,"No hover, repeated rank, locked node, debug grant or hidden change. Do not claim a physical effect before use.",amused,bad-joke,
L235,,One more thing I shouldn't know.,New talent learned,A newly purchased talent lights up.,An intentional first-rank talent purchase succeeds and the new unlocked state is visible. Tutorial/narration has finished.,"No hover, repeated rank, locked node, debug grant or hidden change. Do not claim a physical effect before use.",quiet,mystery,
L236,,Learned that trick before. Somewhere else.,New talent learned,A newly purchased talent lights up.,An intentional first-rank talent purchase succeeds and the new unlocked state is visible. Tutorial/narration has finished.,"No hover, repeated rank, locked node, debug grant or hidden change. Do not claim a physical effect before use.",uneasy,mystery,
L237,,New talent. I might surprise myself.,New talent learned,A newly purchased talent lights up.,An intentional first-rank talent purchase succeeds and the new unlocked state is visible. Tutorial/narration has finished.,"No hover, repeated rank, locked node, debug grant or hidden change. Do not claim a physical effect before use.",hopeful,relatable,
L238,,Talent unlocked. Hard work occasionally pays.,New talent learned,A newly purchased talent lights up.,An intentional first-rank talent purchase succeeds and the new unlocked state is visible. Tutorial/narration has finished.,"No hover, repeated rank, locked node, debug grant or hidden change. Do not claim a physical effect before use.",satisfied,work,
L239,,Another trick learned. Keep that grin quiet.,New talent learned,A newly purchased talent lights up.,An intentional first-rank talent purchase succeeds and the new unlocked state is visible. Tutorial/narration has finished.,"No hover, repeated rank, locked node, debug grant or hidden change. Do not claim a physical effect before use.",self-conscious,relatable,
L240,,New talent. Better than another bad habit.,New talent learned,A newly purchased talent lights up.,An intentional first-rank talent purchase succeeds and the new unlocked state is visible. Tutorial/narration has finished.,"No hover, repeated rank, locked node, debug grant or hidden change. Do not claim a physical effect before use.",wry,relatable,
L241,,Blessing's lit. That's better.,Campfire blessing ignited,You deliberately ignite a blessing at the fire.,A deliberate campfire-menu action spends a charge and activates a blessing. Ignition is visible and the player remains nearby.,"No automatic refill, walking past, menu opening or failed activation.",relieved,warmth,
L242,,A blessing. I'll accept the help.,Campfire blessing ignited,You deliberately ignite a blessing at the fire.,A deliberate campfire-menu action spends a charge and activates a blessing. Ignition is visible and the player remains nearby.,"No automatic refill, walking past, menu opening or failed activation.",soft,vulnerable,
L243,,Fire's blessing. Warmth with benefits.,Campfire blessing ignited,You deliberately ignite a blessing at the fire.,A deliberate campfire-menu action spends a charge and activates a blessing. Ignition is visible and the player remains nearby.,"No automatic refill, walking past, menu opening or failed activation.",amused,bad-joke,
L244,,"Blessing taken. Thank you, old friend.",Campfire blessing ignited,You deliberately ignite a blessing at the fire.,A deliberate campfire-menu action spends a charge and activates a blessing. Ignition is visible and the player remains nearby.,"No automatic refill, walking past, menu opening or failed activation.",tender,mystery,
L245,,That blessing feels like a second chance.,Campfire blessing ignited,You deliberately ignite a blessing at the fire.,A deliberate campfire-menu action spends a charge and activates a blessing. Ignition is visible and the player remains nearby.,"No automatic refill, walking past, menu opening or failed activation.",reflective,warmth,
L246,,Blessing's burning. Let's make it count.,Campfire blessing ignited,You deliberately ignite a blessing at the fire.,A deliberate campfire-menu action spends a charge and activates a blessing. Ignition is visible and the player remains nearby.,"No automatic refill, walking past, menu opening or failed activation.",resolute,practical,
L247,,A blessing. Even I need looking after.,Campfire blessing ignited,You deliberately ignite a blessing at the fire.,A deliberate campfire-menu action spends a charge and activates a blessing. Ignition is visible and the player remains nearby.,"No automatic refill, walking past, menu opening or failed activation.",self-conscious,relatable,
L248,,"Thank you, fire. I needed the blessing.",Campfire blessing ignited,You deliberately ignite a blessing at the fire.,A deliberate campfire-menu action spends a charge and activates a blessing. Ignition is visible and the player remains nearby.,"No automatic refill, walking past, menu opening or failed activation.",warm,warmth,
L249,,Blessing lit. Almost feels like being welcome.,Campfire blessing ignited,You deliberately ignite a blessing at the fire.,A deliberate campfire-menu action spends a charge and activates a blessing. Ignition is visible and the player remains nearby.,"No automatic refill, walking past, menu opening or failed activation.",wistful,mystery,
L250,,A fire's blessing. Better than cold advice.,Campfire blessing ignited,You deliberately ignite a blessing at the fire.,A deliberate campfire-menu action spends a charge and activates a blessing. Ignition is visible and the player remains nearby.,"No automatic refill, walking past, menu opening or failed activation.",dry,bad-joke,
L251,,Blessing's ready. Back to earning it.,Campfire blessing ignited,You deliberately ignite a blessing at the fire.,A deliberate campfire-menu action spends a charge and activates a blessing. Ignition is visible and the player remains nearby.,"No automatic refill, walking past, menu opening or failed activation.",steady,work,
L252,,Blessed again. Don't let it get around.,Campfire blessing ignited,You deliberately ignite a blessing at the fire.,A deliberate campfire-menu action spends a charge and activates a blessing. Ignition is visible and the player remains nearby.,"No automatic refill, walking past, menu opening or failed activation.",crooked,dark-humour,
L253,,Bigger fire. Better company.,Campfire grows,The upgraded campfire visibly becomes larger.,A successful tier upgrade commits. The growth reveal finishes and the larger flame remains visible.,"No flicker, routine blessing, loaded state or hidden upgrade. One reaction if the tree also grows.",warm,warmth,
L254,,Look at that fire grow.,Campfire grows,The upgraded campfire visibly becomes larger.,A successful tier upgrade commits. The growth reveal finishes and the larger flame remains visible.,"No flicker, routine blessing, loaded state or hidden upgrade. One reaction if the tree also grows.",awed,practical,
L255,,A proper flame now. Good.,Campfire grows,The upgraded campfire visibly becomes larger.,A successful tier upgrade commits. The growth reveal finishes and the larger flame remains visible.,"No flicker, routine blessing, loaded state or hidden upgrade. One reaction if the tree also grows.",pleased,warmth,
L256,,Fire's grown. I helped with that.,Campfire grows,The upgraded campfire visibly becomes larger.,A successful tier upgrade commits. The growth reveal finishes and the larger flame remains visible.,"No flicker, routine blessing, loaded state or hidden upgrade. One reaction if the tree also grows.",proud,relatable,
L257,,Bigger flame. Bigger excuse to sit.,Campfire grows,The upgraded campfire visibly becomes larger.,A successful tier upgrade commits. The growth reveal finishes and the larger flame remains visible.,"No flicker, routine blessing, loaded state or hidden upgrade. One reaction if the tree also grows.",amused,bad-joke,
L258,,"There you go, fire. Room to breathe.",Campfire grows,The upgraded campfire visibly becomes larger.,A successful tier upgrade commits. The growth reveal finishes and the larger flame remains visible.,"No flicker, routine blessing, loaded state or hidden upgrade. One reaction if the tree also grows.",tender,warmth,
L259,,Fire's bigger. The welcome feels warmer.,Campfire grows,The upgraded campfire visibly becomes larger.,A successful tier upgrade commits. The growth reveal finishes and the larger flame remains visible.,"No flicker, routine blessing, loaded state or hidden upgrade. One reaction if the tree also grows.",relieved,warmth,
L260,,Flame's grown. Try not to look proud.,Campfire grows,The upgraded campfire visibly becomes larger.,A successful tier upgrade commits. The growth reveal finishes and the larger flame remains visible.,"No flicker, routine blessing, loaded state or hidden upgrade. One reaction if the tree also grows.",self-conscious,relatable,
L261,,A bigger fire. Beats a bigger debt.,Campfire grows,The upgraded campfire visibly becomes larger.,A successful tier upgrade commits. The growth reveal finishes and the larger flame remains visible.,"No flicker, routine blessing, loaded state or hidden upgrade. One reaction if the tree also grows.",dry,bad-joke,
L262,,That flame remembers how to grow.,Campfire grows,The upgraded campfire visibly becomes larger.,A successful tier upgrade commits. The growth reveal finishes and the larger flame remains visible.,"No flicker, routine blessing, loaded state or hidden upgrade. One reaction if the tree also grows.",quiet,mystery,
L263,,Bigger fire. Someone's doing well.,Campfire grows,The upgraded campfire visibly becomes larger.,A successful tier upgrade commits. The growth reveal finishes and the larger flame remains visible.,"No flicker, routine blessing, loaded state or hidden upgrade. One reaction if the tree also grows.",fond,warmth,
L264,,Fire's growing. Worth what I spent.,Campfire grows,The upgraded campfire visibly becomes larger.,A successful tier upgrade commits. The growth reveal finishes and the larger flame remains visible.,"No flicker, routine blessing, loaded state or hidden upgrade. One reaction if the tree also grows.",satisfied,work,
L265,,"The tree's grown. Well done, old thing.",Worldroot grows,The tree's silhouette visibly grows.,A new Worldroot growth stage becomes visible; its reveal finishes while the player can clearly see the tree.,"No swaying leaves, off-screen change, save restoration or second reaction to the same Campfire upgrade.",tender,warmth,
L266,,Look at that tree. Still trying.,Worldroot grows,The tree's silhouette visibly grows.,A new Worldroot growth stage becomes visible; its reveal finishes while the player can clearly see the tree.,"No swaying leaves, off-screen change, save restoration or second reaction to the same Campfire upgrade.",warm,relatable,
L267,,Bigger tree. Better place to come back.,Worldroot grows,The tree's silhouette visibly grows.,A new Worldroot growth stage becomes visible; its reveal finishes while the player can clearly see the tree.,"No swaying leaves, off-screen change, save restoration or second reaction to the same Campfire upgrade.",pleased,warmth,
L268,,Worldroot's growing. I won't pretend I don't care.,Worldroot grows,The tree's silhouette visibly grows.,A new Worldroot growth stage becomes visible; its reveal finishes while the player can clearly see the tree.,"No swaying leaves, off-screen change, save restoration or second reaction to the same Campfire upgrade.",soft,warmth,
L269,,The tree grew. Show-off.,Worldroot grows,The tree's silhouette visibly grows.,A new Worldroot growth stage becomes visible; its reveal finishes while the player can clearly see the tree.,"No swaying leaves, off-screen change, save restoration or second reaction to the same Campfire upgrade.",playful,bad-joke,
L270,,More tree. Less reason to leave.,Worldroot grows,The tree's silhouette visibly grows.,A new Worldroot growth stage becomes visible; its reveal finishes while the player can clearly see the tree.,"No swaying leaves, off-screen change, save restoration or second reaction to the same Campfire upgrade.",wistful,warmth,
L271,,Tree's grown again. I remember it smaller.,Worldroot grows,The tree's silhouette visibly grows.,A new Worldroot growth stage becomes visible; its reveal finishes while the player can clearly see the tree.,"No swaying leaves, off-screen change, save restoration or second reaction to the same Campfire upgrade.",reflective,mystery,
L272,,Look at Worldroot grow. Stubborn as me.,Worldroot grows,The tree's silhouette visibly grows.,A new Worldroot growth stage becomes visible; its reveal finishes while the player can clearly see the tree.,"No swaying leaves, off-screen change, save restoration or second reaction to the same Campfire upgrade.",fond,relatable,
L273,,A bigger tree. Something's going right.,Worldroot grows,The tree's silhouette visibly grows.,A new Worldroot growth stage becomes visible; its reveal finishes while the player can clearly see the tree.,"No swaying leaves, off-screen change, save restoration or second reaction to the same Campfire upgrade.",relieved,warmth,
L274,,Worldroot's grown. I owe it a visit.,Worldroot grows,The tree's silhouette visibly grows.,A new Worldroot growth stage becomes visible; its reveal finishes while the player can clearly see the tree.,"No swaying leaves, off-screen change, save restoration or second reaction to the same Campfire upgrade.",gentle,warmth,
L275,,Tree's growing. Better management than my last job.,Worldroot grows,The tree's silhouette visibly grows.,A new Worldroot growth stage becomes visible; its reveal finishes while the player can clearly see the tree.,"No swaying leaves, off-screen change, save restoration or second reaction to the same Campfire upgrade.",dry,bad-joke,
L276,,The tree grew. I'll take some credit.,Worldroot grows,The tree's silhouette visibly grows.,A new Worldroot growth stage becomes visible; its reveal finishes while the player can clearly see the tree.,"No swaying leaves, off-screen change, save restoration or second reaction to the same Campfire upgrade.",self-conscious,relatable,
L277,,I like people. In manageable quantities.,Rare wandering thoughts,A quiet thought; no event required.,"After 27-33 minutes of active, visible gameplay, choose one context-independent thought while the player is safe and all speech lanes are quiet.","No NPC/shop dialogue, cinematics, narration, danger, menus, pause or hidden tab. Never catch up missed lines.",dry,relatable,
L278,,My best plans involve a chair.,Rare wandering thoughts,A quiet thought; no event required.,"After 27-33 minutes of active, visible gameplay, choose one context-independent thought while the player is safe and all speech lanes are quiet.","No NPC/shop dialogue, cinematics, narration, danger, menus, pause or hidden tab. Never catch up missed lines.",weary,relatable,
L279,,I tried retirement. Couldn't afford the hobby.,Rare wandering thoughts,A quiet thought; no event required.,"After 27-33 minutes of active, visible gameplay, choose one context-independent thought while the player is safe and all speech lanes are quiet.","No NPC/shop dialogue, cinematics, narration, danger, menus, pause or hidden tab. Never catch up missed lines.",amused,bad-joke,
L280,,I had another name. Never liked it.,Rare wandering thoughts,A quiet thought; no event required.,"After 27-33 minutes of active, visible gameplay, choose one context-independent thought while the player is safe and all speech lanes are quiet.","No NPC/shop dialogue, cinematics, narration, danger, menus, pause or hidden tab. Never catch up missed lines.",confiding,mystery,
L281,,"I should write home. Which one, though?",Rare wandering thoughts,A quiet thought; no event required.,"After 27-33 minutes of active, visible gameplay, choose one context-independent thought while the player is safe and all speech lanes are quiet.","No NPC/shop dialogue, cinematics, narration, danger, menus, pause or hidden tab. Never catch up missed lines.",wistful,mystery,
L282,,Clean socks. That's the real dream.,Rare wandering thoughts,A quiet thought; no event required.,"After 27-33 minutes of active, visible gameplay, choose one context-independent thought while the player is safe and all speech lanes are quiet.","No NPC/shop dialogue, cinematics, narration, danger, menus, pause or hidden tab. Never catch up missed lines.",hopeful,relatable,
L283,,I've been called worse. Usually by friends.,Rare wandering thoughts,A quiet thought; no event required.,"After 27-33 minutes of active, visible gameplay, choose one context-independent thought while the player is safe and all speech lanes are quiet.","No NPC/shop dialogue, cinematics, narration, danger, menus, pause or hidden tab. Never catch up missed lines.",crooked,relatable,
L284,,Still haven't learned to say no.,Rare wandering thoughts,A quiet thought; no event required.,"After 27-33 minutes of active, visible gameplay, choose one context-independent thought while the player is safe and all speech lanes are quiet.","No NPC/shop dialogue, cinematics, narration, danger, menus, pause or hidden tab. Never catch up missed lines.",resigned,relatable,
L285,,It wasn't a cult. We had snacks.,Rare wandering thoughts,A quiet thought; no event required.,"After 27-33 minutes of active, visible gameplay, choose one context-independent thought while the player is safe and all speech lanes are quiet.","No NPC/shop dialogue, cinematics, narration, danger, menus, pause or hidden tab. Never catch up missed lines.",defensive,dark-humour,
L286,,I had a digging joke. Buried it.,Rare wandering thoughts,A quiet thought; no event required.,"After 27-33 minutes of active, visible gameplay, choose one context-independent thought while the player is safe and all speech lanes are quiet.","No NPC/shop dialogue, cinematics, narration, danger, menus, pause or hidden tab. Never catch up missed lines.",amused,bad-joke,
L287,,Remind me to develop a cheaper personality.,Rare wandering thoughts,A quiet thought; no event required.,"After 27-33 minutes of active, visible gameplay, choose one context-independent thought while the player is safe and all speech lanes are quiet.","No NPC/shop dialogue, cinematics, narration, danger, menus, pause or hidden tab. Never catch up missed lines.",wry,bad-joke,
L288,,I still owe a dead man dinner.,Rare wandering thoughts,A quiet thought; no event required.,"After 27-33 minutes of active, visible gameplay, choose one context-independent thought while the player is safe and all speech lanes are quiet.","No NPC/shop dialogue, cinematics, narration, danger, menus, pause or hidden tab. Never catch up missed lines.",quiet,mystery,
L289,,"Some nights, I remember a different moon.",Rare wandering thoughts,A quiet thought; no event required.,"After 27-33 minutes of active, visible gameplay, choose one context-independent thought while the player is safe and all speech lanes are quiet.","No NPC/shop dialogue, cinematics, narration, danger, menus, pause or hidden tab. Never catch up missed lines.",wistful,mystery,
L290,,I miss someone. That narrows it down.,Rare wandering thoughts,A quiet thought; no event required.,"After 27-33 minutes of active, visible gameplay, choose one context-independent thought while the player is safe and all speech lanes are quiet.","No NPC/shop dialogue, cinematics, narration, danger, menus, pause or hidden tab. Never catch up missed lines.",soft,vulnerable,
L291,,Flirting used to be easier than apologizing.,Rare wandering thoughts,A quiet thought; no event required.,"After 27-33 minutes of active, visible gameplay, choose one context-independent thought while the player is safe and all speech lanes are quiet.","No NPC/shop dialogue, cinematics, narration, danger, menus, pause or hidden tab. Never catch up missed lines.",rueful,innuendo,
L292,,Being decent is a bloody expensive habit.,Rare wandering thoughts,A quiet thought; no event required.,"After 27-33 minutes of active, visible gameplay, choose one context-independent thought while the player is safe and all speech lanes are quiet.","No NPC/shop dialogue, cinematics, narration, danger, menus, pause or hidden tab. Never catch up missed lines.",dry,relatable,
L293,,Nobody back home would believe this job.,Rare wandering thoughts,A quiet thought; no event required.,"After 27-33 minutes of active, visible gameplay, choose one context-independent thought while the player is safe and all speech lanes are quiet.","No NPC/shop dialogue, cinematics, narration, danger, menus, pause or hidden tab. Never catch up missed lines.",reflective,mystery,
L294,,I used to be taller. Long story.,Rare wandering thoughts,A quiet thought; no event required.,"After 27-33 minutes of active, visible gameplay, choose one context-independent thought while the player is safe and all speech lanes are quiet.","No NPC/shop dialogue, cinematics, narration, danger, menus, pause or hidden tab. Never catch up missed lines.",confiding,mystery,
L295,,I should charge extra for optimism.,Rare wandering thoughts,A quiet thought; no event required.,"After 27-33 minutes of active, visible gameplay, choose one context-independent thought while the player is safe and all speech lanes are quiet.","No NPC/shop dialogue, cinematics, narration, danger, menus, pause or hidden tab. Never catch up missed lines.",amused,work,
L296,,"I miss the sea. Strange, that.",Rare wandering thoughts,A quiet thought; no event required.,"After 27-33 minutes of active, visible gameplay, choose one context-independent thought while the player is safe and all speech lanes are quiet.","No NPC/shop dialogue, cinematics, narration, danger, menus, pause or hidden tab. Never catch up missed lines.",soft,mystery,
L297,,My reputation's worse than my cooking. Barely.,Rare wandering thoughts,A quiet thought; no event required.,"After 27-33 minutes of active, visible gameplay, choose one context-independent thought while the player is safe and all speech lanes are quiet.","No NPC/shop dialogue, cinematics, narration, danger, menus, pause or hidden tab. Never catch up missed lines.",crooked,bad-joke,
L298,,Don't tell anyone I enjoyed myself.,Rare wandering thoughts,A quiet thought; no event required.,"After 27-33 minutes of active, visible gameplay, choose one context-independent thought while the player is safe and all speech lanes are quiet.","No NPC/shop dialogue, cinematics, narration, danger, menus, pause or hidden tab. Never catch up missed lines.",self-conscious,warmth,
L299,,"I'd make a terrible saint. Good listener, though.",Rare wandering thoughts,A quiet thought; no event required.,"After 27-33 minutes of active, visible gameplay, choose one context-independent thought while the player is safe and all speech lanes are quiet.","No NPC/shop dialogue, cinematics, narration, danger, menus, pause or hidden tab. Never catch up missed lines.",warm,dark-humour,
L300,,I remember home. Just not its name.,Rare wandering thoughts,A quiet thought; no event required.,"After 27-33 minutes of active, visible gameplay, choose one context-independent thought while the player is safe and all speech lanes are quiet.","No NPC/shop dialogue, cinematics, narration, danger, menus, pause or hidden tab. Never catch up missed lines.",quiet,mystery,
